[
{
  "model": "hpk.basicpage",
  "pk": 3,
  "fields": {
    "content": "[{\"id\": \"7f7ef8bf-cabe-46ce-aa6a-efc3bc917557\", \"type\": \"rich_text\", \"value\": \"<h3 data-block-key=\\\"holss\\\">About me</h3><p data-block-key=\\\"28m74\\\">Hi! I'm a software developer from Perth, Western Australia, who's mostly worked with full web stacks, but generally love most things Python, and many things DevOps.</p><p data-block-key=\\\"bmr7i\\\">This is my blog / personal website / little hand-rolled place on the internet where I can rant.</p><p data-block-key=\\\"3nn64\\\">It's built on <a href=\\\"https://www.djangoproject.com\\\">Django</a>/<a href=\\\"https://wagtail.org\\\">Wagtail</a>, I manage its development and infrastructure with <a href=\\\"https://opentofu.org\\\">OpenTofu</a> and a big <a href=\\\"https://just.systems/\\\">Justfile</a>, and it's all licensed free and open-source in case you want steal or <a href=\\\"https://github.com/hipikat/hpk.io\\\">learn from my examples</a>.</p>\"}, {\"id\": \"b001d98d-206b-40b6-81d4-9d5422140369\", \"type\": \"code\", \"value\": {\"code\": \"class BasicPage(Page):\\r\\n    \\\"\\\"\\\"A basic page model with tagging support.\\\"\\\"\\\"\\r\\n\\r\\n    tags = ClusterTaggableManager(\\r\\n        through=BasicPageTag,\\r\\n        blank=True,\\r\\n        help_text=\\\"Tags for the page.\\\",\\r\\n    )\\r\\n\\r\\n    content = StreamField(\\r\\n        [\\r\\n            (\\\"rich_text\\\", RichTextBlock(features=[\\\"bold\\\", \\\"italic\\\", \\\"link\\\", \\\"ul\\\", \\\"ol\\\", \\\"code\\\"])),\\r\\n            (\\\"image\\\", ImageChooserBlock()),\\r\\n            # Add other default blocks as necessary, e.g., (\\\"embed\\\", EmbedBlock()) for embeds\\r\\n        ],\\r\\n        use_json_field=True,\\r\\n        blank=True,\\r\\n        help_text=\\\"Main content for the page.\\\",\\r\\n    )\\r\\n\\r\\n    content_panels: ClassVar[list[FieldPanel]] = [\\r\\n        *Page.content_panels,\\r\\n        FieldPanel(\\\"content\\\"),\\r\\n        FieldPanel(\\\"tags\\\"),\\r\\n    ]\\r\\n\\r\\n    class Meta:\\r\\n        \\\"\\\"\\\"Meta-info for the class.\\\"\\\"\\\"\\r\\n\\r\\n        verbose_name = \\\"Basic Page\\\"\\r\\n        verbose_name_plural = \\\"Basic Pages\\\"\", \"language\": \"python\"}}]"
  }
},
{
  "model": "hpk.postgrouppage",
  "pk": 4,
  "fields": {
    "intro": "<h2 data-block-key=\"h88nu\">Stuff I've Posted</h2>"
  }
},
{
  "model": "wagtailusers.userprofile",
  "pk": 1,
  "fields": {
    "user": 1,
    "submitted_notifications": true,
    "approved_notifications": true,
    "rejected_notifications": true,
    "updated_comments_notifications": true,
    "preferred_language": "",
    "current_time_zone": "",
    "avatar": "",
    "dismissibles": {
      "help": true,
      "editor-guide": true,
      "whats-new-in-wagtail-6.3": true
    },
    "theme": "system",
    "contrast": "system",
    "density": "default"
  }
},
{
  "model": "wagtailsearch.indexentry",
  "pk": 1,
  "fields": {
    "content_type": 31,
    "object_id": "3",
    "title_norm": 1.0,
    "autocomplete": "'about':1",
    "title": "",
    "body": ""
  }
},
{
  "model": "wagtailsearch.indexentry",
  "pk": 3,
  "fields": {
    "content_type": 1,
    "object_id": "1",
    "title_norm": 1.0,
    "autocomplete": "'root':1",
    "title": "'root':1B",
    "body": ""
  }
},
{
  "model": "wagtailsearch.indexentry",
  "pk": 10,
  "fields": {
    "content_type": 32,
    "object_id": "4",
    "title_norm": 1.0,
    "autocomplete": "'blog':1",
    "title": "'blog':1B",
    "body": ""
  }
},
{
  "model": "wagtailadmin.editingsession",
  "pk": 49,
  "fields": {
    "user": 1,
    "content_type": 1,
    "object_id": "3",
    "last_seen_at": "2024-12-20T09:18:28.518Z",
    "is_editing": false
  }
},
{
  "model": "wagtailcore.locale",
  "pk": 1,
  "fields": {
    "language_code": "en"
  }
},
{
  "model": "wagtailcore.site",
  "pk": 2,
  "fields": {
    "hostname": "dev.for.hpk.io",
    "port": 80,
    "site_name": "Ada Writes",
    "root_page": 3,
    "is_default_site": true
  }
},
{
  "model": "wagtailcore.modellogentry",
  "pk": 1,
  "fields": {
    "content_type": 4,
    "label": "localhost [default]",
    "action": "wagtail.delete",
    "data": {},
    "timestamp": "2024-12-19T03:12:31.457Z",
    "uuid": "fa887fe7-dcdb-4a10-bf37-0f2d966b4573",
    "user": 1,
    "revision": null,
    "content_changed": false,
    "deleted": false,
    "object_id": "1"
  }
},
{
  "model": "wagtailcore.modellogentry",
  "pk": 2,
  "fields": {
    "content_type": 4,
    "label": "Ada Writes [default]",
    "action": "wagtail.create",
    "data": {},
    "timestamp": "2024-12-19T03:12:59.685Z",
    "uuid": "96807d86-2f57-42dd-a975-7387ec90bc9c",
    "user": 1,
    "revision": null,
    "content_changed": true,
    "deleted": false,
    "object_id": "2"
  }
},
{
  "model": "wagtailcore.modellogentry",
  "pk": 3,
  "fields": {
    "content_type": 4,
    "label": "Ada Writes [default]",
    "action": "wagtail.edit",
    "data": {},
    "timestamp": "2024-12-19T03:22:08.902Z",
    "uuid": "475a8ece-4427-4b98-afb7-fad3e4e734a8",
    "user": 1,
    "revision": null,
    "content_changed": true,
    "deleted": false,
    "object_id": "2"
  }
},
{
  "model": "wagtailcore.modellogentry",
  "pk": 4,
  "fields": {
    "content_type": 4,
    "label": "Ada Writes [default]",
    "action": "wagtail.edit",
    "data": {},
    "timestamp": "2024-12-19T03:27:35.450Z",
    "uuid": "3a8c2108-ccc0-47d2-a84c-35f19576ee3f",
    "user": 1,
    "revision": null,
    "content_changed": true,
    "deleted": false,
    "object_id": "2"
  }
},
{
  "model": "wagtailcore.collection",
  "pk": 1,
  "fields": {
    "path": "0001",
    "depth": 1,
    "numchild": 0,
    "name": "Root"
  }
},
{
  "model": "wagtailcore.groupcollectionpermission",
  "pk": 1,
  "fields": {
    "group": 1,
    "collection": 1,
    "permission": 102
  }
},
{
  "model": "wagtailcore.groupcollectionpermission",
  "pk": 2,
  "fields": {
    "group": 2,
    "collection": 1,
    "permission": 102
  }
},
{
  "model": "wagtailcore.groupcollectionpermission",
  "pk": 3,
  "fields": {
    "group": 1,
    "collection": 1,
    "permission": 103
  }
},
{
  "model": "wagtailcore.groupcollectionpermission",
  "pk": 4,
  "fields": {
    "group": 2,
    "collection": 1,
    "permission": 103
  }
},
{
  "model": "wagtailcore.groupcollectionpermission",
  "pk": 5,
  "fields": {
    "group": 1,
    "collection": 1,
    "permission": 105
  }
},
{
  "model": "wagtailcore.groupcollectionpermission",
  "pk": 6,
  "fields": {
    "group": 2,
    "collection": 1,
    "permission": 105
  }
},
{
  "model": "wagtailcore.groupcollectionpermission",
  "pk": 7,
  "fields": {
    "group": 1,
    "collection": 1,
    "permission": 106
  }
},
{
  "model": "wagtailcore.groupcollectionpermission",
  "pk": 8,
  "fields": {
    "group": 2,
    "collection": 1,
    "permission": 106
  }
},
{
  "model": "wagtailcore.groupcollectionpermission",
  "pk": 9,
  "fields": {
    "group": 1,
    "collection": 1,
    "permission": 107
  }
},
{
  "model": "wagtailcore.groupcollectionpermission",
  "pk": 10,
  "fields": {
    "group": 2,
    "collection": 1,
    "permission": 107
  }
},
{
  "model": "wagtailcore.groupcollectionpermission",
  "pk": 11,
  "fields": {
    "group": 1,
    "collection": 1,
    "permission": 109
  }
},
{
  "model": "wagtailcore.groupcollectionpermission",
  "pk": 12,
  "fields": {
    "group": 2,
    "collection": 1,
    "permission": 109
  }
},
{
  "model": "wagtailcore.page",
  "pk": 1,
  "fields": {
    "path": "0001",
    "depth": 1,
    "numchild": 2,
    "translation_key": "67f80e75-71d7-4a60-aa1a-b04bcf14f34f",
    "locale": 1,
    "latest_revision": null,
    "live": true,
    "has_unpublished_changes": false,
    "first_published_at": null,
    "last_published_at": null,
    "live_revision": null,
    "go_live_at": null,
    "expire_at": null,
    "expired": false,
    "locked": false,
    "locked_at": null,
    "locked_by": null,
    "title": "Root",
    "draft_title": "Root",
    "slug": "root",
    "content_type": 1,
    "url_path": "/",
    "owner": null,
    "seo_title": "",
    "show_in_menus": false,
    "search_description": "",
    "latest_revision_created_at": null,
    "alias_of": null
  }
},
{
  "model": "wagtailcore.page",
  "pk": 3,
  "fields": {
    "path": "00010004",
    "depth": 2,
    "numchild": 0,
    "translation_key": "b83b894f-afe2-4485-aaae-b8b30af22b39",
    "locale": 1,
    "latest_revision": 7,
    "live": true,
    "has_unpublished_changes": false,
    "first_published_at": "2024-12-20T08:36:03.620Z",
    "last_published_at": "2024-12-20T08:36:03.620Z",
    "live_revision": 7,
    "go_live_at": null,
    "expire_at": null,
    "expired": false,
    "locked": false,
    "locked_at": null,
    "locked_by": null,
    "title": "About",
    "draft_title": "About",
    "slug": "about",
    "content_type": 31,
    "url_path": "/about/",
    "owner": 1,
    "seo_title": "",
    "show_in_menus": false,
    "search_description": "",
    "latest_revision_created_at": "2024-12-20T08:36:03.555Z",
    "alias_of": null
  }
},
{
  "model": "wagtailcore.page",
  "pk": 4,
  "fields": {
    "path": "00010005",
    "depth": 2,
    "numchild": 0,
    "translation_key": "f168e038-8f28-4261-91ce-4be1682dc4ee",
    "locale": 1,
    "latest_revision": 6,
    "live": true,
    "has_unpublished_changes": false,
    "first_published_at": "2024-12-20T08:33:11.077Z",
    "last_published_at": "2024-12-20T08:33:11.077Z",
    "live_revision": 6,
    "go_live_at": null,
    "expire_at": null,
    "expired": false,
    "locked": false,
    "locked_at": null,
    "locked_by": null,
    "title": "Blog",
    "draft_title": "Blog",
    "slug": "blog",
    "content_type": 32,
    "url_path": "/blog/",
    "owner": 1,
    "seo_title": "",
    "show_in_menus": false,
    "search_description": "",
    "latest_revision_created_at": "2024-12-20T08:33:11.028Z",
    "alias_of": null
  }
},
{
  "model": "wagtailcore.revision",
  "pk": 1,
  "fields": {
    "content_type": 31,
    "base_content_type": 1,
    "object_id": "3",
    "created_at": "2024-12-19T03:21:50.757Z",
    "user": 1,
    "object_str": "About",
    "content": {
      "pk": 3,
      "live": false,
      "path": "00010002",
      "slug": "about",
      "depth": 2,
      "owner": 1,
      "title": "About",
      "locale": 1,
      "locked": false,
      "content": "[{\"type\": \"rich_text\", \"value\": \"<h3 data-block-key=\\\"holss\\\">About me</h3><p data-block-key=\\\"28m74\\\">Hi! I'm a software developer from Perth, Western Australia, who's mostly worked with full web stacks, but generally love most things Python, and many things DevOps.</p><p data-block-key=\\\"bmr7i\\\">This is my blog / personal website / little hand-rolled place on the internet where I can rant.</p><p data-block-key=\\\"3nn64\\\">It's built on <a href=\\\"https://www.djangoproject.com\\\">Django</a>/<a href=\\\"https://wagtail.org\\\">Wagtail</a>, I manage its development and infrastructure with <a href=\\\"https://opentofu.org\\\">OpenTofu</a> and a big <a href=\\\"https://just.systems/\\\">Justfile</a>, and it's all licensed free and open-source in case you want steal or <a href=\\\"https://github.com/hipikat/hpk.io\\\">learn from my examples</a>.</p>\", \"id\": \"7f7ef8bf-cabe-46ce-aa6a-efc3bc917557\"}]",
      "expired": false,
      "alias_of": null,
      "numchild": 0,
      "url_path": "/about/",
      "expire_at": null,
      "locked_at": null,
      "locked_by": null,
      "seo_title": "",
      "go_live_at": null,
      "draft_title": "About",
      "content_type": 31,
      "live_revision": null,
      "show_in_menus": false,
      "latest_revision": null,
      "translation_key": "b83b894f-afe2-4485-aaae-b8b30af22b39",
      "last_published_at": null,
      "first_published_at": null,
      "search_description": "",
      "wagtail_admin_comments": [],
      "has_unpublished_changes": false,
      "latest_revision_created_at": null
    },
    "approved_go_live_at": null
  }
},
{
  "model": "wagtailcore.revision",
  "pk": 2,
  "fields": {
    "content_type": 31,
    "base_content_type": 1,
    "object_id": "3",
    "created_at": "2024-12-19T03:27:16.411Z",
    "user": 1,
    "object_str": "About",
    "content": {
      "pk": 3,
      "live": false,
      "path": "00010002",
      "slug": "about",
      "depth": 2,
      "owner": 1,
      "title": "About",
      "locale": 1,
      "locked": false,
      "content": "[{\"type\": \"rich_text\", \"value\": \"<h3 data-block-key=\\\"holss\\\">About me</h3><p data-block-key=\\\"28m74\\\">Hi! I'm a software developer from Perth, Western Australia, who's mostly worked with full web stacks, but generally love most things Python, and many things DevOps.</p><p data-block-key=\\\"bmr7i\\\">This is my blog / personal website / little hand-rolled place on the internet where I can rant.</p><p data-block-key=\\\"3nn64\\\">It's built on <a href=\\\"https://www.djangoproject.com\\\">Django</a>/<a href=\\\"https://wagtail.org\\\">Wagtail</a>, I manage its development and infrastructure with <a href=\\\"https://opentofu.org\\\">OpenTofu</a> and a big <a href=\\\"https://just.systems/\\\">Justfile</a>, and it's all licensed free and open-source in case you want steal or <a href=\\\"https://github.com/hipikat/hpk.io\\\">learn from my examples</a>.</p>\", \"id\": \"7f7ef8bf-cabe-46ce-aa6a-efc3bc917557\"}]",
      "expired": false,
      "alias_of": null,
      "numchild": 0,
      "url_path": "/about/",
      "expire_at": null,
      "locked_at": null,
      "locked_by": null,
      "seo_title": "",
      "go_live_at": null,
      "draft_title": "About",
      "content_type": 31,
      "live_revision": null,
      "show_in_menus": false,
      "latest_revision": 1,
      "translation_key": "b83b894f-afe2-4485-aaae-b8b30af22b39",
      "last_published_at": null,
      "first_published_at": null,
      "search_description": "",
      "wagtail_admin_comments": [],
      "has_unpublished_changes": true,
      "latest_revision_created_at": "2024-12-19T03:21:50.757Z"
    },
    "approved_go_live_at": null
  }
},
{
  "model": "wagtailcore.revision",
  "pk": 3,
  "fields": {
    "content_type": 31,
    "base_content_type": 1,
    "object_id": "3",
    "created_at": "2024-12-19T22:19:57.722Z",
    "user": 1,
    "object_str": "About",
    "content": {
      "pk": 3,
      "live": false,
      "path": "00010002",
      "slug": "about",
      "depth": 2,
      "owner": 1,
      "title": "About",
      "locale": 1,
      "locked": false,
      "content": "[{\"type\": \"rich_text\", \"value\": \"<h3 data-block-key=\\\"holss\\\">About me</h3><p data-block-key=\\\"28m74\\\">Hi! I'm a software developer from Perth, Western Australia, who's mostly worked with full web stacks, but generally love most things Python, and many things DevOps.</p><p data-block-key=\\\"bmr7i\\\">This is my blog / personal website / little hand-rolled place on the internet where I can rant.</p><p data-block-key=\\\"3nn64\\\">It's built on <a href=\\\"https://www.djangoproject.com\\\">Django</a>/<a href=\\\"https://wagtail.org\\\">Wagtail</a>, I manage its development and infrastructure with <a href=\\\"https://opentofu.org\\\">OpenTofu</a> and a big <a href=\\\"https://just.systems/\\\">Justfile</a>, and it's all licensed free and open-source in case you want steal or <a href=\\\"https://github.com/hipikat/hpk.io\\\">learn from my examples</a>.</p>\", \"id\": \"7f7ef8bf-cabe-46ce-aa6a-efc3bc917557\"}, {\"type\": \"code\", \"value\": {\"code\": \"class BasicPage(Page):\\r\\n    \\\"\\\"\\\"A basic page model with tagging support.\\\"\\\"\\\"\\r\\n\\r\\n    tags = ClusterTaggableManager(\\r\\n        through=BasicPageTag,\\r\\n        blank=True,\\r\\n        help_text=\\\"Tags for the page.\\\",\\r\\n    )\\r\\n\\r\\n    content = StreamField(\\r\\n        [\\r\\n            (\\\"rich_text\\\", RichTextBlock(features=[\\\"bold\\\", \\\"italic\\\", \\\"link\\\", \\\"ul\\\", \\\"ol\\\", \\\"code\\\"])),\\r\\n            (\\\"image\\\", ImageChooserBlock()),\\r\\n            # Add other default blocks as necessary, e.g., (\\\"embed\\\", EmbedBlock()) for embeds\\r\\n        ],\\r\\n        use_json_field=True,\\r\\n        blank=True,\\r\\n        help_text=\\\"Main content for the page.\\\",\\r\\n    )\\r\\n\\r\\n    content_panels: ClassVar[list[FieldPanel]] = [\\r\\n        *Page.content_panels,\\r\\n        FieldPanel(\\\"content\\\"),\\r\\n        FieldPanel(\\\"tags\\\"),\\r\\n    ]\\r\\n\\r\\n    class Meta:\\r\\n        \\\"\\\"\\\"Meta-info for the class.\\\"\\\"\\\"\\r\\n\\r\\n        verbose_name = \\\"Basic Page\\\"\\r\\n        verbose_name_plural = \\\"Basic Pages\\\"\", \"language\": \"python\"}, \"id\": \"b001d98d-206b-40b6-81d4-9d5422140369\"}]",
      "expired": false,
      "alias_of": null,
      "numchild": 0,
      "url_path": "/about/",
      "expire_at": null,
      "locked_at": null,
      "locked_by": null,
      "seo_title": "",
      "go_live_at": null,
      "draft_title": "About",
      "content_type": 31,
      "live_revision": null,
      "show_in_menus": false,
      "latest_revision": 2,
      "translation_key": "b83b894f-afe2-4485-aaae-b8b30af22b39",
      "last_published_at": null,
      "first_published_at": null,
      "search_description": "",
      "wagtail_admin_comments": [],
      "has_unpublished_changes": true,
      "latest_revision_created_at": "2024-12-19T03:27:16.411Z"
    },
    "approved_go_live_at": null
  }
},
{
  "model": "wagtailcore.revision",
  "pk": 4,
  "fields": {
    "content_type": 31,
    "base_content_type": 1,
    "object_id": "3",
    "created_at": "2024-12-19T22:31:40.324Z",
    "user": 1,
    "object_str": "About",
    "content": {
      "pk": 3,
      "live": false,
      "path": "00010002",
      "slug": "about",
      "depth": 2,
      "owner": 1,
      "title": "About",
      "locale": 1,
      "locked": false,
      "content": "[{\"type\": \"rich_text\", \"value\": \"<h3 data-block-key=\\\"holss\\\">About me</h3><p data-block-key=\\\"28m74\\\">Hi! I'm a software developer from Perth, Western Australia, who's mostly worked with full web stacks, but generally love most things Python, and many things DevOps.</p><p data-block-key=\\\"bmr7i\\\">This is my blog / personal website / little hand-rolled place on the internet where I can rant.</p><p data-block-key=\\\"3nn64\\\">It's built on <a href=\\\"https://www.djangoproject.com\\\">Django</a>/<a href=\\\"https://wagtail.org\\\">Wagtail</a>, I manage its development and infrastructure with <a href=\\\"https://opentofu.org\\\">OpenTofu</a> and a big <a href=\\\"https://just.systems/\\\">Justfile</a>, and it's all licensed free and open-source in case you want steal or <a href=\\\"https://github.com/hipikat/hpk.io\\\">learn from my examples</a>.</p>\", \"id\": \"7f7ef8bf-cabe-46ce-aa6a-efc3bc917557\"}, {\"type\": \"code\", \"value\": {\"code\": \"class BasicPage(Page):\\r\\n    \\\"\\\"\\\"A basic page model with tagging support.\\\"\\\"\\\"\\r\\n\\r\\n    tags = ClusterTaggableManager(\\r\\n        through=BasicPageTag,\\r\\n        blank=True,\\r\\n        help_text=\\\"Tags for the page.\\\",\\r\\n    )\\r\\n\\r\\n    content = StreamField(\\r\\n        [\\r\\n            (\\\"rich_text\\\", RichTextBlock(features=[\\\"bold\\\", \\\"italic\\\", \\\"link\\\", \\\"ul\\\", \\\"ol\\\", \\\"code\\\"])),\\r\\n            (\\\"image\\\", ImageChooserBlock()),\\r\\n            # Add other default blocks as necessary, e.g., (\\\"embed\\\", EmbedBlock()) for embeds\\r\\n        ],\\r\\n        use_json_field=True,\\r\\n        blank=True,\\r\\n        help_text=\\\"Main content for the page.\\\",\\r\\n    )\\r\\n\\r\\n    content_panels: ClassVar[list[FieldPanel]] = [\\r\\n        *Page.content_panels,\\r\\n        FieldPanel(\\\"content\\\"),\\r\\n        FieldPanel(\\\"tags\\\"),\\r\\n    ]\\r\\n\\r\\n    class Meta:\\r\\n        \\\"\\\"\\\"Meta-info for the class.\\\"\\\"\\\"\\r\\n\\r\\n        verbose_name = \\\"Basic Page\\\"\\r\\n        verbose_name_plural = \\\"Basic Pages\\\"\", \"language\": \"python\"}, \"id\": \"b001d98d-206b-40b6-81d4-9d5422140369\"}]",
      "expired": false,
      "alias_of": null,
      "numchild": 0,
      "url_path": "/about/",
      "expire_at": null,
      "locked_at": null,
      "locked_by": null,
      "seo_title": "",
      "go_live_at": null,
      "draft_title": "About",
      "content_type": 31,
      "live_revision": null,
      "show_in_menus": false,
      "latest_revision": 3,
      "translation_key": "b83b894f-afe2-4485-aaae-b8b30af22b39",
      "last_published_at": null,
      "first_published_at": null,
      "search_description": "",
      "wagtail_admin_comments": [],
      "has_unpublished_changes": true,
      "latest_revision_created_at": "2024-12-19T22:19:57.722Z"
    },
    "approved_go_live_at": null
  }
},
{
  "model": "wagtailcore.revision",
  "pk": 5,
  "fields": {
    "content_type": 32,
    "base_content_type": 1,
    "object_id": "4",
    "created_at": "2024-12-20T08:32:59.615Z",
    "user": 1,
    "object_str": "Blog",
    "content": {
      "pk": 4,
      "live": false,
      "path": "00010003",
      "slug": "blog",
      "depth": 2,
      "intro": "<h2 data-block-key=\"h88nu\">Stuff I've Posted</h2>",
      "owner": 1,
      "title": "Blog",
      "locale": 1,
      "locked": false,
      "expired": false,
      "alias_of": null,
      "numchild": 0,
      "url_path": "/blog/",
      "expire_at": null,
      "locked_at": null,
      "locked_by": null,
      "seo_title": "",
      "go_live_at": null,
      "draft_title": "Blog",
      "content_type": 32,
      "live_revision": null,
      "show_in_menus": false,
      "latest_revision": null,
      "translation_key": "f168e038-8f28-4261-91ce-4be1682dc4ee",
      "last_published_at": null,
      "first_published_at": null,
      "search_description": "",
      "wagtail_admin_comments": [],
      "has_unpublished_changes": false,
      "latest_revision_created_at": null
    },
    "approved_go_live_at": null
  }
},
{
  "model": "wagtailcore.revision",
  "pk": 6,
  "fields": {
    "content_type": 32,
    "base_content_type": 1,
    "object_id": "4",
    "created_at": "2024-12-20T08:33:11.028Z",
    "user": 1,
    "object_str": "Blog",
    "content": {
      "pk": 4,
      "live": false,
      "path": "00010003",
      "slug": "blog",
      "depth": 2,
      "intro": "<h2 data-block-key=\"h88nu\">Stuff I've Posted</h2>",
      "owner": 1,
      "title": "Blog",
      "locale": 1,
      "locked": false,
      "expired": false,
      "alias_of": null,
      "numchild": 0,
      "url_path": "/blog/",
      "expire_at": null,
      "locked_at": null,
      "locked_by": null,
      "seo_title": "",
      "go_live_at": null,
      "draft_title": "Blog",
      "content_type": 32,
      "live_revision": null,
      "show_in_menus": false,
      "latest_revision": 5,
      "translation_key": "f168e038-8f28-4261-91ce-4be1682dc4ee",
      "last_published_at": null,
      "first_published_at": null,
      "search_description": "",
      "wagtail_admin_comments": [],
      "has_unpublished_changes": true,
      "latest_revision_created_at": "2024-12-20T08:32:59.615Z"
    },
    "approved_go_live_at": null
  }
},
{
  "model": "wagtailcore.revision",
  "pk": 7,
  "fields": {
    "content_type": 31,
    "base_content_type": 1,
    "object_id": "3",
    "created_at": "2024-12-20T08:36:03.555Z",
    "user": 1,
    "object_str": "About",
    "content": {
      "pk": 3,
      "live": false,
      "path": "00010004",
      "slug": "about",
      "depth": 2,
      "owner": 1,
      "title": "About",
      "locale": 1,
      "locked": false,
      "content": "[{\"type\": \"rich_text\", \"value\": \"<h3 data-block-key=\\\"holss\\\">About me</h3><p data-block-key=\\\"28m74\\\">Hi! I'm a software developer from Perth, Western Australia, who's mostly worked with full web stacks, but generally love most things Python, and many things DevOps.</p><p data-block-key=\\\"bmr7i\\\">This is my blog / personal website / little hand-rolled place on the internet where I can rant.</p><p data-block-key=\\\"3nn64\\\">It's built on <a href=\\\"https://www.djangoproject.com\\\">Django</a>/<a href=\\\"https://wagtail.org\\\">Wagtail</a>, I manage its development and infrastructure with <a href=\\\"https://opentofu.org\\\">OpenTofu</a> and a big <a href=\\\"https://just.systems/\\\">Justfile</a>, and it's all licensed free and open-source in case you want steal or <a href=\\\"https://github.com/hipikat/hpk.io\\\">learn from my examples</a>.</p>\", \"id\": \"7f7ef8bf-cabe-46ce-aa6a-efc3bc917557\"}, {\"type\": \"code\", \"value\": {\"code\": \"class BasicPage(Page):\\r\\n    \\\"\\\"\\\"A basic page model with tagging support.\\\"\\\"\\\"\\r\\n\\r\\n    tags = ClusterTaggableManager(\\r\\n        through=BasicPageTag,\\r\\n        blank=True,\\r\\n        help_text=\\\"Tags for the page.\\\",\\r\\n    )\\r\\n\\r\\n    content = StreamField(\\r\\n        [\\r\\n            (\\\"rich_text\\\", RichTextBlock(features=[\\\"bold\\\", \\\"italic\\\", \\\"link\\\", \\\"ul\\\", \\\"ol\\\", \\\"code\\\"])),\\r\\n            (\\\"image\\\", ImageChooserBlock()),\\r\\n            # Add other default blocks as necessary, e.g., (\\\"embed\\\", EmbedBlock()) for embeds\\r\\n        ],\\r\\n        use_json_field=True,\\r\\n        blank=True,\\r\\n        help_text=\\\"Main content for the page.\\\",\\r\\n    )\\r\\n\\r\\n    content_panels: ClassVar[list[FieldPanel]] = [\\r\\n        *Page.content_panels,\\r\\n        FieldPanel(\\\"content\\\"),\\r\\n        FieldPanel(\\\"tags\\\"),\\r\\n    ]\\r\\n\\r\\n    class Meta:\\r\\n        \\\"\\\"\\\"Meta-info for the class.\\\"\\\"\\\"\\r\\n\\r\\n        verbose_name = \\\"Basic Page\\\"\\r\\n        verbose_name_plural = \\\"Basic Pages\\\"\", \"language\": \"python\"}, \"id\": \"b001d98d-206b-40b6-81d4-9d5422140369\"}]",
      "expired": false,
      "alias_of": null,
      "numchild": 0,
      "url_path": "/about/",
      "expire_at": null,
      "locked_at": null,
      "locked_by": null,
      "seo_title": "",
      "go_live_at": null,
      "draft_title": "About",
      "content_type": 31,
      "live_revision": null,
      "show_in_menus": false,
      "latest_revision": 4,
      "translation_key": "b83b894f-afe2-4485-aaae-b8b30af22b39",
      "last_published_at": null,
      "first_published_at": null,
      "search_description": "",
      "wagtail_admin_comments": [],
      "has_unpublished_changes": true,
      "latest_revision_created_at": "2024-12-19T22:31:40.324Z"
    },
    "approved_go_live_at": null
  }
},
{
  "model": "wagtailcore.grouppagepermission",
  "pk": 1,
  "fields": {
    "group": 1,
    "page": 1,
    "permission": 33
  }
},
{
  "model": "wagtailcore.grouppagepermission",
  "pk": 2,
  "fields": {
    "group": 1,
    "page": 1,
    "permission": 34
  }
},
{
  "model": "wagtailcore.grouppagepermission",
  "pk": 3,
  "fields": {
    "group": 1,
    "page": 1,
    "permission": 39
  }
},
{
  "model": "wagtailcore.grouppagepermission",
  "pk": 4,
  "fields": {
    "group": 2,
    "page": 1,
    "permission": 33
  }
},
{
  "model": "wagtailcore.grouppagepermission",
  "pk": 5,
  "fields": {
    "group": 2,
    "page": 1,
    "permission": 34
  }
},
{
  "model": "wagtailcore.grouppagepermission",
  "pk": 6,
  "fields": {
    "group": 1,
    "page": 1,
    "permission": 38
  }
},
{
  "model": "wagtailcore.grouppagepermission",
  "pk": 7,
  "fields": {
    "group": 1,
    "page": 1,
    "permission": 40
  }
},
{
  "model": "wagtailcore.workflowpage",
  "pk": 1,
  "fields": {
    "workflow": 1
  }
},
{
  "model": "wagtailcore.workflowtask",
  "pk": 1,
  "fields": {
    "sort_order": 0,
    "workflow": 1,
    "task": 1
  }
},
{
  "model": "wagtailcore.task",
  "pk": 1,
  "fields": {
    "name": "Moderators approval",
    "content_type": 2,
    "active": true
  }
},
{
  "model": "wagtailcore.workflow",
  "pk": 1,
  "fields": {
    "name": "Moderators approval",
    "active": true
  }
},
{
  "model": "wagtailcore.groupapprovaltask",
  "pk": 1,
  "fields": {
    "groups": [
      1
    ]
  }
},
{
  "model": "wagtailcore.pagelogentry",
  "pk": 1,
  "fields": {
    "content_type": 31,
    "label": "About",
    "action": "wagtail.create",
    "data": {},
    "timestamp": "2024-12-19T03:21:50.736Z",
    "uuid": "6540c924-6e03-47f7-b866-0bcb9d4e708d",
    "user": 1,
    "revision": null,
    "content_changed": true,
    "deleted": false,
    "page": 3
  }
},
{
  "model": "wagtailcore.pagelogentry",
  "pk": 2,
  "fields": {
    "content_type": 31,
    "label": "About",
    "action": "wagtail.edit",
    "data": {},
    "timestamp": "2024-12-19T03:21:50.776Z",
    "uuid": "6540c924-6e03-47f7-b866-0bcb9d4e708d",
    "user": 1,
    "revision": 1,
    "content_changed": true,
    "deleted": false,
    "page": 3
  }
},
{
  "model": "wagtailcore.pagelogentry",
  "pk": 3,
  "fields": {
    "content_type": 1,
    "label": "Welcome to your new Wagtail site!",
    "action": "wagtail.delete",
    "data": {},
    "timestamp": "2024-12-19T03:22:23.896Z",
    "uuid": "8745b37f-c596-499e-8e48-efc377fcaefc",
    "user": 1,
    "revision": null,
    "content_changed": false,
    "deleted": true,
    "page": 2
  }
},
{
  "model": "wagtailcore.pagelogentry",
  "pk": 4,
  "fields": {
    "content_type": 31,
    "label": "About",
    "action": "wagtail.edit",
    "data": {},
    "timestamp": "2024-12-19T03:27:16.432Z",
    "uuid": "f6b16b35-81c3-459b-ba73-17d3e182f328",
    "user": 1,
    "revision": 2,
    "content_changed": true,
    "deleted": false,
    "page": 3
  }
},
{
  "model": "wagtailcore.pagelogentry",
  "pk": 5,
  "fields": {
    "content_type": 31,
    "label": "About",
    "action": "wagtail.edit",
    "data": {},
    "timestamp": "2024-12-19T22:19:58.137Z",
    "uuid": "fac4cbb4-08f1-4fd6-95b3-0383f7c10b13",
    "user": 1,
    "revision": 3,
    "content_changed": true,
    "deleted": false,
    "page": 3
  }
},
{
  "model": "wagtailcore.pagelogentry",
  "pk": 6,
  "fields": {
    "content_type": 31,
    "label": "About",
    "action": "wagtail.edit",
    "data": {},
    "timestamp": "2024-12-19T22:31:40.350Z",
    "uuid": "74abe660-72d2-4fa6-89fd-1e0e7cb11a16",
    "user": 1,
    "revision": 4,
    "content_changed": true,
    "deleted": false,
    "page": 3
  }
},
{
  "model": "wagtailcore.pagelogentry",
  "pk": 7,
  "fields": {
    "content_type": 32,
    "label": "Blog",
    "action": "wagtail.create",
    "data": {},
    "timestamp": "2024-12-20T08:32:59.597Z",
    "uuid": "d8d17c28-bc4c-4ff8-92b5-c827b6865a39",
    "user": 1,
    "revision": null,
    "content_changed": true,
    "deleted": false,
    "page": 4
  }
},
{
  "model": "wagtailcore.pagelogentry",
  "pk": 8,
  "fields": {
    "content_type": 32,
    "label": "Blog",
    "action": "wagtail.edit",
    "data": {},
    "timestamp": "2024-12-20T08:32:59.634Z",
    "uuid": "d8d17c28-bc4c-4ff8-92b5-c827b6865a39",
    "user": 1,
    "revision": 5,
    "content_changed": true,
    "deleted": false,
    "page": 4
  }
},
{
  "model": "wagtailcore.pagelogentry",
  "pk": 9,
  "fields": {
    "content_type": 32,
    "label": "Blog",
    "action": "wagtail.edit",
    "data": {},
    "timestamp": "2024-12-20T08:33:11.047Z",
    "uuid": "d1ded387-859b-4927-9fb7-f9ef05fabe05",
    "user": 1,
    "revision": 6,
    "content_changed": true,
    "deleted": false,
    "page": 4
  }
},
{
  "model": "wagtailcore.pagelogentry",
  "pk": 10,
  "fields": {
    "content_type": 32,
    "label": "Blog",
    "action": "wagtail.publish",
    "data": {},
    "timestamp": "2024-12-20T08:33:11.118Z",
    "uuid": "d1ded387-859b-4927-9fb7-f9ef05fabe05",
    "user": 1,
    "revision": 6,
    "content_changed": false,
    "deleted": false,
    "page": 4
  }
},
{
  "model": "wagtailcore.pagelogentry",
  "pk": 11,
  "fields": {
    "content_type": 1,
    "label": "About",
    "action": "wagtail.reorder",
    "data": {
      "source": {
        "id": 1,
        "title": "Root"
      },
      "destination": {
        "id": 1,
        "title": "Root"
      }
    },
    "timestamp": "2024-12-20T08:35:23.356Z",
    "uuid": "e9e07558-a79f-4b96-890d-5ab930ddc72d",
    "user": 1,
    "revision": null,
    "content_changed": false,
    "deleted": false,
    "page": 3
  }
},
{
  "model": "wagtailcore.pagelogentry",
  "pk": 12,
  "fields": {
    "content_type": 1,
    "label": "Blog",
    "action": "wagtail.reorder",
    "data": {
      "source": {
        "id": 1,
        "title": "Root"
      },
      "destination": {
        "id": 1,
        "title": "Root"
      }
    },
    "timestamp": "2024-12-20T08:35:25.450Z",
    "uuid": "83f179ce-aba3-4445-940c-a15db1f81f53",
    "user": 1,
    "revision": null,
    "content_changed": false,
    "deleted": false,
    "page": 4
  }
},
{
  "model": "wagtailcore.pagelogentry",
  "pk": 13,
  "fields": {
    "content_type": 31,
    "label": "About",
    "action": "wagtail.edit",
    "data": {},
    "timestamp": "2024-12-20T08:36:03.591Z",
    "uuid": "694ea19a-e3e1-4f30-8a91-62eae17fe69b",
    "user": 1,
    "revision": 7,
    "content_changed": true,
    "deleted": false,
    "page": 3
  }
},
{
  "model": "wagtailcore.pagelogentry",
  "pk": 14,
  "fields": {
    "content_type": 31,
    "label": "About",
    "action": "wagtail.publish",
    "data": {},
    "timestamp": "2024-12-20T08:36:03.664Z",
    "uuid": "694ea19a-e3e1-4f30-8a91-62eae17fe69b",
    "user": 1,
    "revision": 7,
    "content_changed": false,
    "deleted": false,
    "page": 3
  }
},
{
  "model": "wagtailcore.pagesubscription",
  "pk": 1,
  "fields": {
    "user": 1,
    "page": 3,
    "comment_notifications": true
  }
},
{
  "model": "wagtailcore.pagesubscription",
  "pk": 2,
  "fields": {
    "user": 1,
    "page": 4,
    "comment_notifications": true
  }
},
{
  "model": "contenttypes.contenttype",
  "pk": 1,
  "fields": {
    "app_label": "wagtailcore",
    "model": "page"
  }
},
{
  "model": "contenttypes.contenttype",
  "pk": 2,
  "fields": {
    "app_label": "wagtailcore",
    "model": "groupapprovaltask"
  }
},
{
  "model": "contenttypes.contenttype",
  "pk": 3,
  "fields": {
    "app_label": "wagtailcore",
    "model": "locale"
  }
},
{
  "model": "contenttypes.contenttype",
  "pk": 4,
  "fields": {
    "app_label": "wagtailcore",
    "model": "site"
  }
},
{
  "model": "contenttypes.contenttype",
  "pk": 5,
  "fields": {
    "app_label": "wagtailcore",
    "model": "modellogentry"
  }
},
{
  "model": "contenttypes.contenttype",
  "pk": 6,
  "fields": {
    "app_label": "wagtailcore",
    "model": "collectionviewrestriction"
  }
},
{
  "model": "contenttypes.contenttype",
  "pk": 7,
  "fields": {
    "app_label": "wagtailcore",
    "model": "collection"
  }
},
{
  "model": "contenttypes.contenttype",
  "pk": 8,
  "fields": {
    "app_label": "wagtailcore",
    "model": "groupcollectionpermission"
  }
},
{
  "model": "contenttypes.contenttype",
  "pk": 9,
  "fields": {
    "app_label": "wagtailcore",
    "model": "uploadedfile"
  }
},
{
  "model": "contenttypes.contenttype",
  "pk": 10,
  "fields": {
    "app_label": "wagtailcore",
    "model": "referenceindex"
  }
},
{
  "model": "contenttypes.contenttype",
  "pk": 11,
  "fields": {
    "app_label": "wagtailcore",
    "model": "revision"
  }
},
{
  "model": "contenttypes.contenttype",
  "pk": 12,
  "fields": {
    "app_label": "wagtailcore",
    "model": "grouppagepermission"
  }
},
{
  "model": "contenttypes.contenttype",
  "pk": 13,
  "fields": {
    "app_label": "wagtailcore",
    "model": "pageviewrestriction"
  }
},
{
  "model": "contenttypes.contenttype",
  "pk": 14,
  "fields": {
    "app_label": "wagtailcore",
    "model": "workflowpage"
  }
},
{
  "model": "contenttypes.contenttype",
  "pk": 15,
  "fields": {
    "app_label": "wagtailcore",
    "model": "workflowcontenttype"
  }
},
{
  "model": "contenttypes.contenttype",
  "pk": 16,
  "fields": {
    "app_label": "wagtailcore",
    "model": "workflowtask"
  }
},
{
  "model": "contenttypes.contenttype",
  "pk": 17,
  "fields": {
    "app_label": "wagtailcore",
    "model": "task"
  }
},
{
  "model": "contenttypes.contenttype",
  "pk": 18,
  "fields": {
    "app_label": "wagtailcore",
    "model": "workflow"
  }
},
{
  "model": "contenttypes.contenttype",
  "pk": 19,
  "fields": {
    "app_label": "wagtailcore",
    "model": "workflowstate"
  }
},
{
  "model": "contenttypes.contenttype",
  "pk": 20,
  "fields": {
    "app_label": "wagtailcore",
    "model": "taskstate"
  }
},
{
  "model": "contenttypes.contenttype",
  "pk": 21,
  "fields": {
    "app_label": "wagtailcore",
    "model": "pagelogentry"
  }
},
{
  "model": "contenttypes.contenttype",
  "pk": 22,
  "fields": {
    "app_label": "wagtailcore",
    "model": "comment"
  }
},
{
  "model": "contenttypes.contenttype",
  "pk": 23,
  "fields": {
    "app_label": "wagtailcore",
    "model": "commentreply"
  }
},
{
  "model": "contenttypes.contenttype",
  "pk": 24,
  "fields": {
    "app_label": "wagtailcore",
    "model": "pagesubscription"
  }
},
{
  "model": "contenttypes.contenttype",
  "pk": 25,
  "fields": {
    "app_label": "wagtailadmin",
    "model": "admin"
  }
},
{
  "model": "contenttypes.contenttype",
  "pk": 26,
  "fields": {
    "app_label": "wagtaildocs",
    "model": "document"
  }
},
{
  "model": "contenttypes.contenttype",
  "pk": 27,
  "fields": {
    "app_label": "wagtailimages",
    "model": "image"
  }
},
{
  "model": "contenttypes.contenttype",
  "pk": 28,
  "fields": {
    "app_label": "hpk",
    "model": "article"
  }
},
{
  "model": "contenttypes.contenttype",
  "pk": 29,
  "fields": {
    "app_label": "hpk",
    "model": "articletag"
  }
},
{
  "model": "contenttypes.contenttype",
  "pk": 30,
  "fields": {
    "app_label": "hpk",
    "model": "articletype"
  }
},
{
  "model": "contenttypes.contenttype",
  "pk": 31,
  "fields": {
    "app_label": "hpk",
    "model": "basicpage"
  }
},
{
  "model": "contenttypes.contenttype",
  "pk": 32,
  "fields": {
    "app_label": "hpk",
    "model": "postgrouppage"
  }
},
{
  "model": "contenttypes.contenttype",
  "pk": 33,
  "fields": {
    "app_label": "hpk",
    "model": "articletagitem"
  }
},
{
  "model": "contenttypes.contenttype",
  "pk": 34,
  "fields": {
    "app_label": "wagtailforms",
    "model": "formsubmission"
  }
},
{
  "model": "contenttypes.contenttype",
  "pk": 35,
  "fields": {
    "app_label": "wagtailredirects",
    "model": "redirect"
  }
},
{
  "model": "contenttypes.contenttype",
  "pk": 36,
  "fields": {
    "app_label": "wagtailembeds",
    "model": "embed"
  }
},
{
  "model": "contenttypes.contenttype",
  "pk": 37,
  "fields": {
    "app_label": "wagtailusers",
    "model": "userprofile"
  }
},
{
  "model": "contenttypes.contenttype",
  "pk": 38,
  "fields": {
    "app_label": "wagtailimages",
    "model": "rendition"
  }
},
{
  "model": "contenttypes.contenttype",
  "pk": 39,
  "fields": {
    "app_label": "wagtailsearch",
    "model": "indexentry"
  }
},
{
  "model": "contenttypes.contenttype",
  "pk": 40,
  "fields": {
    "app_label": "wagtailadmin",
    "model": "editingsession"
  }
},
{
  "model": "contenttypes.contenttype",
  "pk": 41,
  "fields": {
    "app_label": "taggit",
    "model": "tag"
  }
},
{
  "model": "contenttypes.contenttype",
  "pk": 42,
  "fields": {
    "app_label": "taggit",
    "model": "taggeditem"
  }
},
{
  "model": "contenttypes.contenttype",
  "pk": 43,
  "fields": {
    "app_label": "admin",
    "model": "logentry"
  }
},
{
  "model": "contenttypes.contenttype",
  "pk": 44,
  "fields": {
    "app_label": "auth",
    "model": "permission"
  }
},
{
  "model": "contenttypes.contenttype",
  "pk": 45,
  "fields": {
    "app_label": "auth",
    "model": "group"
  }
},
{
  "model": "contenttypes.contenttype",
  "pk": 46,
  "fields": {
    "app_label": "auth",
    "model": "user"
  }
},
{
  "model": "contenttypes.contenttype",
  "pk": 47,
  "fields": {
    "app_label": "contenttypes",
    "model": "contenttype"
  }
},
{
  "model": "contenttypes.contenttype",
  "pk": 48,
  "fields": {
    "app_label": "sessions",
    "model": "session"
  }
}
]
